source,target,partial_correlation,abs_partial_corr
BRYAT,BRSAN,0.499537,0.499537
VAKBN,HALKB,0.414195,0.414195
PGSUS,THYAO,0.319335,0.319335
EREGL,KRDMD,0.318042,0.318042
AKBNK,GARAN,0.257282,0.257282
TCELL,TTKOM,0.247501,0.247501
AKBNK,YKBNK,0.243157,0.243157
PGSUS,TAVHL,0.241643,0.241643
YKBNK,ISCTR,0.233488,0.233488
VESTL,VESBE,0.221805,0.221805
SASA,HEKTS,0.221422,0.221422
INDES,DGATE,0.19649,0.19649
AKBNK,ISCTR,0.193811,0.193811
OYAKC,CIMSA,0.19377,0.19377
MGROS,SOKM,0.191188,0.191188
FROTO,TOASO,0.186863,0.186863
KCHOL,SAHOL,0.184497,0.184497
THYAO,TAVHL,0.182971,0.182971
ODAS,ZOREN,0.179787,0.179787
AEFES,AGHOL,0.177342,0.177342
GARAN,YKBNK,0.173279,0.173279
ISGYO,SKBNK,0.164964,0.164964
GARAN,ISCTR,0.149463,0.149463
OYAKC,BUCIM,0.134462,0.134462
CIMSA,BUCIM,0.13257,0.13257
AYGAZ,TUPRS,0.129808,0.129808
AGESA,ANHYT,0.128019,0.128019
BIMAS,MGROS,0.12604,0.12604
CEMTS,BUCIM,0.123811,0.123811
BRYAT,EGEEN,0.112602,0.112602
AKBNK,SAHOL,0.104586,0.104586
VAKBN,ISCTR,0.102999,0.102999
AGHOL,MGROS,0.102633,0.102633
ASUZU,DOAS,0.102405,0.102405
ULKER,SOKM,0.101036,0.101036
AKSEN,ZOREN,0.099856,0.099856
PETKM,TUPRS,0.098814,0.098814
ASELS,TTKOM,0.09375,0.09375
AKBNK,VAKBN,0.092978,0.092978
BIMAS,SOKM,0.092388,0.092388
PETKM,KRDMD,0.091554,0.091554
EKGYO,ISGYO,0.089927,0.089927
OYAKC,EKGYO,0.089485,0.089485
TKFEN,ENKAI,0.088487,0.088487
KCHOL,TUPRS,0.088107,0.088107
GARAN,VAKBN,0.087451,0.087451
DOAS,TTRAK,0.08657,0.08657
FROTO,KCHOL,0.085187,0.085187
ARCLK,KCHOL,0.084911,0.084911
AKSEN,ODAS,0.084806,0.084806
AKSA,AKSEN,0.081871,0.081871
YKBNK,VAKBN,0.081424,0.081424
BRYAT,DGATE,0.081034,0.081034
LOGO,INDES,0.07881,0.07881
YKBNK,KCHOL,0.078705,0.078705
SISE,KRDMD,0.078021,0.078021
CIMSA,KRDMD,0.077154,0.077154
PETKM,ZOREN,0.076408,0.076408
EGEEN,BRISA,0.075999,0.075999
AKFGY,TKNSA,0.075991,0.075991
HALKB,ISCTR,0.075786,0.075786
FROTO,ARCLK,0.0756,0.0756
YKBNK,SAHOL,0.075462,0.075462
SKBNK,ISCTR,0.075345,0.075345
TKFEN,PETKM,0.075152,0.075152
DOHOL,SISE,0.073345,0.073345
ENJSA,ZOREN,0.070146,0.070146
ARCLK,VESBE,0.07007,0.07007
ODAS,TKNSA,0.06984,0.06984
PAPIL,DGATE,0.06977,0.06977
ARCLK,VESTL,0.069368,0.069368
EGEEN,OTKAR,0.069178,0.069178
FROTO,OTKAR,0.069126,0.069126
FROTO,TTRAK,0.068948,0.068948
EKGYO,HALKB,0.068619,0.068619
TTRAK,OTKAR,0.068349,0.068349
TURSG,TKNSA,0.068078,0.068078
AGHOL,ASUZU,0.066764,0.066764
VESBE,TKNSA,0.066285,0.066285
EGEEN,TKNSA,0.065356,0.065356
ASELS,GUBRF,0.065241,0.065241
ULKER,MGROS,0.064759,0.064759
VAKBN,SKBNK,0.064641,0.064641
MPARK,TKNSA,0.064396,0.064396
BTCIM,ODAS,0.062778,0.062778
KCHOL,TOASO,0.062213,0.062213
THYAO,TUPRS,0.062056,0.062056
ALARK,VESTL,0.06161,0.06161
EREGL,SISE,0.061186,0.061186
ALARK,AYGAZ,0.061038,0.061038
TKNSA,INDES,0.060986,0.060986
SISE,PETKM,0.060969,0.060969
ARCLK,SISE,0.0608,0.0608
GUBRF,HEKTS,0.060617,0.060617
AKSEN,PETKM,0.060532,0.060532
ARCLK,TOASO,0.06048,0.06048
BUCIM,EKGYO,0.060076,0.060076
ASUZU,DGATE,0.059999,0.059999
SAHOL,ISCTR,0.059371,0.059371
BERA,ODAS,0.059356,0.059356
DOHOL,PETKM,0.058688,0.058688
SISE,TUPRS,0.058591,0.058591
PGSUS,MAVI,0.058298,0.058298
PAPIL,CEMTS,0.058121,0.058121
AKSA,CEMTS,0.058033,0.058033
DOHOL,ARCLK,0.057119,0.057119
TURSG,CEMTS,0.057087,0.057087
KCHOL,ISCTR,0.057058,0.057058
EGEEN,VESBE,0.056989,0.056989
AYGAZ,OTKAR,0.05693,0.05693
TOASO,TTRAK,0.056831,0.056831
HALKB,SKBNK,0.05665,0.05665
AYGAZ,ODAS,0.056532,0.056532
TURSG,ANHYT,0.056326,0.056326
THYAO,SISE,0.056262,0.056262
CEMTS,BERA,0.056246,0.056246
AGHOL,SOKM,0.056156,0.056156
BRSAN,BERA,0.05612,0.05612
PGSUS,DOAS,0.055704,0.055704
ENKAI,DOHOL,0.0554,0.0554
EGEEN,CEMTS,0.055253,0.055253
CEMTS,ECILC,0.055252,0.055252
ASUZU,ISGYO,0.055201,0.055201
DOAS,TOASO,0.055101,0.055101
PAPIL,ASELS,0.054927,0.054927
AKFGY,CIMSA,0.05472,0.05472
ALARK,ZOREN,0.054278,0.054278
VESTL,TTRAK,0.054082,0.054082
SAHOL,TTKOM,0.053547,0.053547
MAVI,MPARK,0.053266,0.053266
SASA,TOASO,0.052645,0.052645
ASELS,KRDMD,0.052551,0.052551
CEMTS,DOHOL,0.05216,0.05216
TUPRS,KRDMD,0.051891,0.051891
ENJSA,TOASO,0.051554,0.051554
MAVI,TKNSA,0.051417,0.051417
GARAN,SKBNK,0.051359,0.051359
TKFEN,TTKOM,0.051246,0.051246
DOHOL,SAHOL,0.050811,0.050811
GARAN,SAHOL,0.050723,0.050723
ULKER,GUBRF,0.050612,0.050612
BERA,DGATE,0.050495,0.050495
ASUZU,BERA,0.050025,0.050025
AKFGY,EKGYO,0.04984,0.04984
THYAO,PETKM,0.049711,0.049711
AKSEN,ALARK,0.04968,0.04968
SASA,ZOREN,0.049615,0.049615
MAVI,TAVHL,0.04947,0.04947
AEFES,TAVHL,0.049403,0.049403
EKGYO,KRDMD,0.049282,0.049282
BTCIM,TKNSA,0.049133,0.049133
AGHOL,ULKER,0.04895,0.04895
ODAS,HEKTS,0.0485,0.0485
CEMTS,DGATE,0.048165,0.048165
TKFEN,ASELS,0.048082,0.048082
AKFGY,ODAS,0.048074,0.048074
SISE,SAHOL,0.047974,0.047974
AGHOL,MAVI,0.047876,0.047876
ENJSA,SAHOL,0.047844,0.047844
ECILC,INDES,0.047262,0.047262
ENJSA,EKGYO,0.046676,0.046676
ASUZU,ALARK,0.046537,0.046537
VESTL,ENJSA,0.046459,0.046459
AEFES,CCOLA,0.046303,0.046303
ASELS,TUPRS,0.046144,0.046144
BUCIM,KRDMD,0.046014,0.046014
PAPIL,LOGO,0.045679,0.045679
TKFEN,ULKER,0.045635,0.045635
BRSAN,BUCIM,0.045628,0.045628
TURSG,SKBNK,0.045618,0.045618
DOAS,BRISA,0.045098,0.045098
ULKER,VESTL,0.045023,0.045023
EKGYO,TTKOM,0.0449,0.0449
ECILC,HEKTS,0.044881,0.044881
KCHOL,SISE,0.044838,0.044838
EREGL,PETKM,0.044837,0.044837
AKSA,KRDMD,0.044166,0.044166
ASUZU,ODAS,0.043951,0.043951
AKFGY,CEMTS,0.043757,0.043757
ISGYO,INDES,0.043616,0.043616
ARCLK,KRDMD,0.043606,0.043606
SASA,SISE,0.043434,0.043434
AKFGY,DGATE,0.043126,0.043126
ALARK,ODAS,0.043059,0.043059
ODAS,PETKM,0.043047,0.043047
EGEEN,ULKER,0.042952,0.042952
BRISA,BUCIM,0.04285,0.04285
AKFGY,ASUZU,0.042733,0.042733
ENKAI,SISE,0.042727,0.042727
ALARK,ISGYO,0.042655,0.042655
MGROS,TTKOM,0.042616,0.042616
AYGAZ,KRDMD,0.042538,0.042538
TKFEN,TAVHL,0.042507,0.042507
CEMTS,ZOREN,0.042482,0.042482
BRSAN,CEMTS,0.042207,0.042207
CIMSA,ODAS,0.042206,0.042206
FROTO,DOAS,0.041209,0.041209
SASA,AKFGY,0.041187,0.041187
BRISA,OTKAR,0.040886,0.040886
PAPIL,OTKAR,0.040582,0.040582
BRYAT,ZOREN,0.040378,0.040378
VESTL,THYAO,0.04029,0.04029
TURSG,BERA,0.040271,0.040271
DOHOL,ENJSA,0.040237,0.040237
THYAO,SAHOL,0.040215,0.040215
YKBNK,HALKB,0.040197,0.040197
TKNSA,DGATE,0.039831,0.039831
AGHOL,SKBNK,0.039796,0.039796
ANHYT,DGATE,0.039756,0.039756
AKFGY,BERA,0.039735,0.039735
EKGYO,PETKM,0.039666,0.039666
KCHOL,TCELL,0.039575,0.039575
VESTL,SOKM,0.039566,0.039566
CIMSA,EKGYO,0.039475,0.039475
AKBNK,KCHOL,0.039473,0.039473
CIMSA,BRISA,0.03939,0.03939
BERA,TKNSA,0.039373,0.039373
DOHOL,AYGAZ,0.039323,0.039323
DOHOL,ULKER,0.039169,0.039169
INDES,OTKAR,0.039165,0.039165
DOAS,VESBE,0.039041,0.039041
ASELS,SISE,0.039029,0.039029
BRISA,KRDMD,0.038812,0.038812
KCHOL,TTRAK,0.038651,0.038651
EKGYO,SAHOL,0.03819,0.03819
ANHYT,DOHOL,0.038069,0.038069
CIMSA,BERA,0.038066,0.038066
AKSEN,HEKTS,0.037957,0.037957
KCHOL,THYAO,0.037569,0.037569
ECILC,TKNSA,0.037541,0.037541
SASA,GUBRF,0.037432,0.037432
BUCIM,ODAS,0.037195,0.037195
GUBRF,TKNSA,0.037112,0.037112
AKSA,SASA,0.037111,0.037111
BIMAS,SAHOL,0.037104,0.037104
DOAS,TKNSA,0.037025,0.037025
AEFES,AKBNK,0.036761,0.036761
ECILC,EKGYO,0.036736,0.036736
AGHOL,BERA,0.036698,0.036698
PGSUS,KCHOL,0.036435,0.036435
ALARK,KRDMD,0.036332,0.036332
VESTL,ZOREN,0.036193,0.036193
ARCLK,SAHOL,0.036045,0.036045
TKFEN,DOHOL,0.036037,0.036037
BRYAT,OTKAR,0.036024,0.036024
ULKER,ZOREN,0.035947,0.035947
AKSEN,CEMTS,0.035725,0.035725
ALARK,PETKM,0.035662,0.035662
VAKBN,EKGYO,0.03543,0.03543
BIMAS,KCHOL,0.035307,0.035307
ECILC,SOKM,0.035181,0.035181
BTCIM,SASA,0.035088,0.035088
TURSG,ODAS,0.03503,0.03503
ASELS,TCELL,0.034954,0.034954
EKGYO,SOKM,0.034916,0.034916
AEFES,PETKM,0.034899,0.034899
LOGO,DGATE,0.034878,0.034878
AGHOL,DOHOL,0.034827,0.034827
ALARK,DOAS,0.034821,0.034821
MAVI,TTKOM,0.034636,0.034636
DOHOL,TCELL,0.034591,0.034591
HALKB,KRDMD,0.034563,0.034563
PAPIL,TKNSA,0.034205,0.034205
BRISA,TKNSA,0.034189,0.034189
AKSA,PETKM,0.034109,0.034109
AGHOL,SAHOL,0.033988,0.033988
PAPIL,DOAS,0.033895,0.033895
ODAS,TTRAK,0.03388,0.03388
TAVHL,SISE,0.033823,0.033823
ANHYT,ISGYO,0.033742,0.033742
HEKTS,HALKB,0.033702,0.033702
TKNSA,ZOREN,0.033518,0.033518
ENJSA,ODAS,0.033239,0.033239
AEFES,MAVI,0.033227,0.033227
ASELS,HALKB,0.033221,0.033221
AGHOL,TTKOM,0.033203,0.033203
BUCIM,TKNSA,0.03304,0.03304
PGSUS,BRISA,0.033,0.033
MPARK,DGATE,0.032932,0.032932
BRYAT,ODAS,0.032701,0.032701
TCELL,SAHOL,0.032672,0.032672
TOASO,OTKAR,0.032607,0.032607
VESBE,INDES,0.03258,0.03258
VESTL,KRDMD,0.032557,0.032557
KCHOL,TAVHL,0.032536,0.032536
AKSA,BERA,0.032501,0.032501
EGEEN,VESTL,0.032479,0.032479
TURSG,CIMSA,0.032438,0.032438
AGHOL,ALARK,0.032429,0.032429
INDES,ZOREN,0.032233,0.032233
DOHOL,TAVHL,0.032221,0.032221
BUCIM,INDES,0.032107,0.032107
BTCIM,AKFGY,0.032106,0.032106
ENJSA,KRDMD,0.032001,0.032001
MAVI,LOGO,0.031916,0.031916
ASUZU,CEMTS,0.031853,0.031853
AKBNK,SKBNK,0.031799,0.031799
GUBRF,SOKM,0.03171,0.03171
AKSA,INDES,0.03171,0.03171
OYAKC,KRDMD,0.031658,0.031658
AKSEN,ENJSA,0.031652,0.031652
MAVI,ULKER,0.031634,0.031634
TKFEN,AYGAZ,0.031604,0.031604
VESTL,GUBRF,0.031532,0.031532
VAKBN,ISGYO,0.031434,0.031434
BTCIM,BUCIM,0.031408,0.031408
CIMSA,SISE,0.031151,0.031151
BERA,INDES,0.031102,0.031102
PETKM,TTKOM,0.031075,0.031075
ODAS,LOGO,0.031055,0.031055
TKFEN,EGEEN,0.030976,0.030976
AKSEN,VESBE,0.030939,0.030939
MAVI,DOAS,0.030911,0.030911
LOGO,TKNSA,0.030801,0.030801
TKFEN,CEMTS,0.03064,0.03064
EGEEN,BUCIM,0.030622,0.030622
EKGYO,THYAO,0.030503,0.030503
AKSA,BRISA,0.030491,0.030491
VESTL,TKNSA,0.030478,0.030478
THYAO,TTKOM,0.030424,0.030424
ENKAI,KRDMD,0.030378,0.030378
ASELS,VESTL,0.03033,0.03033
BRSAN,OTKAR,0.03026,0.03026
DOHOL,ISGYO,0.030231,0.030231
ASUZU,INDES,0.030208,0.030208
ENKAI,TTKOM,0.030196,0.030196
AKBNK,HALKB,0.03017,0.03017
SKBNK,ZOREN,0.030103,0.030103
MPARK,ODAS,0.029764,0.029764
DOHOL,ASELS,0.029682,0.029682
AKSEN,DOAS,0.029595,0.029595
ASUZU,GUBRF,0.029503,0.029503
PAPIL,ODAS,0.029476,0.029476
EREGL,SASA,0.029433,0.029433
ECILC,GUBRF,0.029369,0.029369
BUCIM,VESTL,0.029304,0.029304
MAVI,BRYAT,0.029288,0.029288
TKFEN,THYAO,0.029263,0.029263
AKFGY,VESTL,0.029225,0.029225
MAVI,KCHOL,0.029208,0.029208
SISE,TOASO,0.029144,0.029144
MGROS,KRDMD,0.029092,0.029092
VESBE,KRDMD,0.028948,0.028948
AGHOL,AKSA,0.028943,0.028943
AKBNK,EKGYO,0.028881,0.028881
VESTL,TTKOM,0.02877,0.02877
ODAS,SKBNK,0.028733,0.028733
ARCLK,EKGYO,0.028659,0.028659
ECILC,DOHOL,0.028442,0.028442
AEFES,ULKER,0.028287,0.028287
TURSG,BRYAT,0.027974,0.027974
TURSG,AKFGY,0.027951,0.027951
ARCLK,THYAO,0.027897,0.027897
HEKTS,TOASO,0.027826,0.027826
DOHOL,KCHOL,0.02781,0.02781
EGEEN,SISE,0.027636,0.027636
MPARK,SOKM,0.027588,0.027588
VESTL,LOGO,0.027461,0.027461
EGEEN,TTRAK,0.027436,0.027436
FROTO,BRISA,0.027247,0.027247
BERA,GUBRF,0.026991,0.026991
TKFEN,OTKAR,0.026974,0.026974
SOKM,KRDMD,0.026908,0.026908
ALARK,EGEEN,0.026903,0.026903
AKFGY,INDES,0.026878,0.026878
EKGYO,HEKTS,0.02679,0.02679
ENJSA,ISGYO,0.02672,0.02672
CEMTS,KRDMD,0.026709,0.026709
TKFEN,EKGYO,0.02669,0.02669
ENKAI,EKGYO,0.02669,0.02669
ODAS,INDES,0.026678,0.026678
SASA,BERA,0.026627,0.026627
BRISA,DGATE,0.026622,0.026622
ODAS,ISGYO,0.026463,0.026463
ALARK,OTKAR,0.026313,0.026313
PGSUS,EGEEN,0.026313,0.026313
CIMSA,DOAS,0.026298,0.026298
AGHOL,BRYAT,0.026252,0.026252
ASUZU,EGEEN,0.026251,0.026251
PGSUS,TKNSA,0.026224,0.026224
CEMTS,LOGO,0.026041,0.026041
GUBRF,PETKM,0.026004,0.026004
OYAKC,EGEEN,0.025975,0.025975
ASELS,TKNSA,0.025969,0.025969
ENKAI,TOASO,0.025941,0.025941
FROTO,DOHOL,0.025906,0.025906
ASELS,THYAO,0.025868,0.025868
EKGYO,GUBRF,0.025849,0.025849
AKSEN,EKGYO,0.025753,0.025753
YKBNK,SKBNK,0.025731,0.025731
VESTL,SISE,0.02573,0.02573
CEMTS,ASELS,0.025659,0.025659
BRISA,TOASO,0.025574,0.025574
CEMTS,INDES,0.025564,0.025564
EGEEN,CIMSA,0.025553,0.025553
DOAS,BERA,0.025528,0.025528
OYAKC,ASUZU,0.025519,0.025519
ISGYO,TTKOM,0.025512,0.025512
AKSA,ECILC,0.025335,0.025335
ECILC,DOAS,0.025326,0.025326
SASA,TUPRS,0.025245,0.025245
TAVHL,TTKOM,0.025085,0.025085
ARCLK,TTKOM,0.024974,0.024974
TKFEN,TTRAK,0.024958,0.024958
EREGL,EKGYO,0.024867,0.024867
FROTO,SASA,0.024862,0.024862
TURSG,TTKOM,0.02478,0.02478
SASA,VESTL,0.024767,0.024767
ULKER,TOASO,0.024632,0.024632
ASUZU,OTKAR,0.0246,0.0246
ASUZU,TTKOM,0.0246,0.0246
CIMSA,PETKM,0.024528,0.024528
ASELS,OTKAR,0.024401,0.024401
AKSEN,INDES,0.024333,0.024333
PGSUS,BERA,0.024296,0.024296
ULKER,EKGYO,0.024259,0.024259
AGHOL,TKNSA,0.024233,0.024233
AKSA,TTRAK,0.024214,0.024214
CIMSA,ENJSA,0.024204,0.024204
EKGYO,ISCTR,0.024143,0.024143
BUCIM,GUBRF,0.024115,0.024115
DOHOL,VESTL,0.024069,0.024069
MAVI,KRDMD,0.024069,0.024069
KCHOL,SKBNK,0.023922,0.023922
ALARK,INDES,0.023918,0.023918
TURSG,EKGYO,0.023911,0.023911
TKFEN,ASUZU,0.02383,0.02383
ENKAI,VESTL,0.023798,0.023798
MAVI,EGEEN,0.023796,0.023796
PGSUS,ODAS,0.0237,0.0237
OYAKC,AKSEN,0.023683,0.023683
LOGO,TOASO,0.023658,0.023658
CIMSA,INDES,0.023583,0.023583
SKBNK,TKNSA,0.023517,0.023517
AKFGY,DOAS,0.023504,0.023504
ECILC,TTKOM,0.023497,0.023497
TCELL,SISE,0.023356,0.023356
ALARK,DOHOL,0.023222,0.023222
GARAN,HALKB,0.023197,0.023197
TKFEN,SISE,0.023192,0.023192
AGHOL,MPARK,0.023094,0.023094
AGHOL,TAVHL,0.023011,0.023011
AYGAZ,YKBNK,0.022989,0.022989
BTCIM,ASUZU,0.022936,0.022936
SASA,ASELS,0.022886,0.022886
PGSUS,SAHOL,0.02285,0.02285
DOHOL,MGROS,0.022824,0.022824
DOHOL,TUPRS,0.022727,0.022727
TKFEN,CIMSA,0.022689,0.022689
ENJSA,TKNSA,0.022671,0.022671
CEMTS,PETKM,0.022646,0.022646
AEFES,KCHOL,0.022639,0.022639
ODAS,OTKAR,0.022632,0.022632
FROTO,TUPRS,0.022583,0.022583
BRSAN,ODAS,0.02258,0.02258
DOHOL,INDES,0.022368,0.022368
BRISA,TTRAK,0.022357,0.022357
AKSA,VESTL,0.02235,0.02235
BERA,VESTL,0.022181,0.022181
AYGAZ,TOASO,0.022172,0.022172
DOHOL,VESBE,0.022092,0.022092
PGSUS,AKFGY,0.022089,0.022089
CIMSA,TTRAK,0.022075,0.022075
AGHOL,BRSAN,0.022047,0.022047
SASA,THYAO,0.021923,0.021923
BUCIM,DGATE,0.021917,0.021917
ALARK,CEMTS,0.021888,0.021888
TKFEN,ALARK,0.021723,0.021723
HALKB,PETKM,0.021679,0.021679
ECILC,ULKER,0.0215,0.0215
SASA,ODAS,0.021458,0.021458
ANHYT,ULKER,0.021414,0.021414
SAHOL,TOASO,0.021305,0.021305
SASA,EGEEN,0.021304,0.021304
INDES,TOASO,0.021166,0.021166
PAPIL,TTKOM,0.021054,0.021054
TKFEN,GUBRF,0.021038,0.021038
BRISA,GUBRF,0.020979,0.020979
BTCIM,BRSAN,0.020905,0.020905
CCOLA,OYAKC,0.020863,0.020863
GUBRF,SKBNK,0.020827,0.020827
ISGYO,TAVHL,0.020789,0.020789
TKFEN,ARCLK,0.020782,0.020782
THYAO,TCELL,0.02077,0.02077
EKGYO,SISE,0.020749,0.020749
DOHOL,MPARK,0.020738,0.020738
EGEEN,ZOREN,0.020685,0.020685
ECILC,BRISA,0.020676,0.020676
KRDMD,TTKOM,0.020605,0.020605
LOGO,OTKAR,0.020593,0.020593
BRSAN,TKNSA,0.02058,0.02058
TUPRS,TOASO,0.020563,0.020563
AYGAZ,SKBNK,0.020535,0.020535
PGSUS,VESTL,0.020512,0.020512
ASUZU,BRISA,0.020397,0.020397
ECILC,KRDMD,0.020379,0.020379
AKSEN,VESTL,0.020351,0.020351
FROTO,SISE,0.020327,0.020327
BRYAT,ASUZU,0.020321,0.020321
ALARK,TTRAK,0.020131,0.020131
DOHOL,TTKOM,0.02003,0.02003
TURSG,DGATE,0.019995,0.019995
BRYAT,BERA,0.01996,0.01996
DOAS,ZOREN,0.019859,0.019859
AKSEN,CIMSA,0.01984,0.01984
SOKM,TKNSA,0.019833,0.019833
GARAN,KCHOL,0.01977,0.01977
AKFGY,ZOREN,0.019761,0.019761
EREGL,KCHOL,0.019659,0.019659
MPARK,KRDMD,0.019569,0.019569
AYGAZ,ISGYO,0.01952,0.01952
VESBE,GUBRF,0.019518,0.019518
BRSAN,ISGYO,0.019509,0.019509
ANHYT,TKNSA,0.019506,0.019506
AKSA,ZOREN,0.019432,0.019432
AKFGY,ARCLK,0.019383,0.019383
AEFES,THYAO,0.019282,0.019282
ASUZU,BUCIM,0.019115,0.019115
MAVI,TOASO,0.019103,0.019103
CCOLA,OTKAR,0.019058,0.019058
DOHOL,LOGO,0.019018,0.019018
YKBNK,EKGYO,0.019016,0.019016
ECILC,TOASO,0.018999,0.018999
FROTO,THYAO,0.018908,0.018908
HEKTS,ZOREN,0.01876,0.01876
AGHOL,VESTL,0.01875,0.01875
AKSA,DOAS,0.018595,0.018595
ANHYT,INDES,0.018585,0.018585
ASUZU,TKNSA,0.018522,0.018522
GUBRF,TTKOM,0.018483,0.018483
MGROS,INDES,0.018477,0.018477
AEFES,TKNSA,0.018312,0.018312
ARCLK,ISGYO,0.018276,0.018276
BRSAN,BRISA,0.01823,0.01823
ALARK,TKNSA,0.018147,0.018147
DOAS,ENJSA,0.018057,0.018057
ALARK,BRSAN,0.018056,0.018056
EGEEN,ASELS,0.018032,0.018032
ANHYT,TOASO,0.017998,0.017998
VESTL,TOASO,0.017932,0.017932
DOHOL,SOKM,0.017905,0.017905
AEFES,PGSUS,0.017853,0.017853
AGHOL,TURSG,0.017768,0.017768
ENKAI,EGEEN,0.017688,0.017688
BRYAT,DOAS,0.017677,0.017677
TURSG,ISGYO,0.017663,0.017663
TURSG,ASUZU,0.017662,0.017662
AGHOL,VAKBN,0.017641,0.017641
EGEEN,GUBRF,0.017592,0.017592
PGSUS,SASA,0.017563,0.017563
OYAKC,BRISA,0.017533,0.017533
BERA,BUCIM,0.017495,0.017495
DOHOL,EKGYO,0.01746,0.01746
AKBNK,TCELL,0.01736,0.01736
EGEEN,ECILC,0.017309,0.017309
EKGYO,INDES,0.017213,0.017213
VESTL,MPARK,0.017203,0.017203
CEMTS,ODAS,0.017189,0.017189
OYAKC,SISE,0.017167,0.017167
SISE,ISCTR,0.017148,0.017148
SASA,KCHOL,0.01714,0.01714
CCOLA,MAVI,0.017123,0.017123
ASELS,LOGO,0.017119,0.017119
ASELS,TOASO,0.017112,0.017112
SASA,ALARK,0.017073,0.017073
VESTL,PETKM,0.016999,0.016999
VESBE,TTKOM,0.016968,0.016968
TOASO,TTKOM,0.016936,0.016936
HEKTS,OTKAR,0.016933,0.016933
FROTO,KRDMD,0.016916,0.016916
OYAKC,PETKM,0.016855,0.016855
ENJSA,INDES,0.016831,0.016831
EREGL,TOASO,0.016826,0.016826
EGEEN,DOAS,0.016789,0.016789
ENJSA,SOKM,0.016725,0.016725
DOAS,ODAS,0.016693,0.016693
ALARK,THYAO,0.016631,0.016631
SAHOL,PETKM,0.016615,0.016615
FROTO,ASELS,0.016573,0.016573
TKNSA,TOASO,0.016487,0.016487
SASA,TTRAK,0.016443,0.016443
DOAS,TTKOM,0.016441,0.016441
BRISA,TTKOM,0.016406,0.016406
SASA,BRISA,0.016328,0.016328
TKFEN,SOKM,0.01629,0.01629
ULKER,TTKOM,0.016273,0.016273
SKBNK,DGATE,0.016251,0.016251
TKFEN,BERA,0.016224,0.016224
DOAS,AYGAZ,0.016192,0.016192
AKFGY,SKBNK,0.016185,0.016185
AGHOL,DOAS,0.016106,0.016106
DOHOL,SKBNK,0.016082,0.016082
ULKER,SAHOL,0.016069,0.016069
BRYAT,VESBE,0.015976,0.015976
DOHOL,ZOREN,0.015957,0.015957
TCELL,ISCTR,0.015956,0.015956
TKFEN,ISGYO,0.015936,0.015936
ISGYO,TOASO,0.01579,0.01579
AKSEN,TAVHL,0.015786,0.015786
PGSUS,TUPRS,0.015766,0.015766
DOHOL,BRISA,0.015747,0.015747
EREGL,THYAO,0.015544,0.015544
PGSUS,TTRAK,0.015541,0.015541
EREGL,DOHOL,0.015525,0.015525
ULKER,TKNSA,0.015521,0.015521
PGSUS,ASELS,0.015518,0.015518
TOASO,KRDMD,0.01534,0.01534
ANHYT,EKGYO,0.015335,0.015335
TCELL,TOASO,0.015313,0.015313
CEMTS,VESBE,0.015221,0.015221
EKGYO,TKNSA,0.01522,0.01522
BUCIM,HEKTS,0.015198,0.015198
BTCIM,DGATE,0.015059,0.015059
AKBNK,TTKOM,0.015005,0.015005
AGHOL,AKSEN,0.014992,0.014992
FROTO,ALARK,0.014978,0.014978
BTCIM,ZOREN,0.014882,0.014882
SASA,BRYAT,0.01488,0.01488
CCOLA,PAPIL,0.01482,0.01482
BTCIM,CCOLA,0.014773,0.014773
THYAO,KRDMD,0.014755,0.014755
DOHOL,GUBRF,0.014641,0.014641
ISGYO,KRDMD,0.01463,0.01463
AGHOL,PETKM,0.014626,0.014626
KCHOL,KRDMD,0.014477,0.014477
BRSAN,GUBRF,0.014405,0.014405
AKSA,ALARK,0.014348,0.014348
VESBE,TOASO,0.014325,0.014325
ISGYO,ISCTR,0.014203,0.014203
MAVI,ZOREN,0.014126,0.014126
DOAS,KRDMD,0.014108,0.014108
ALARK,BRISA,0.014064,0.014064
AKSA,TKNSA,0.014018,0.014018
SAHOL,TUPRS,0.013892,0.013892
MAVI,ISCTR,0.013869,0.013869
ENJSA,TTKOM,0.013844,0.013844
AEFES,MPARK,0.01384,0.01384
FROTO,ASUZU,0.013829,0.013829
AKSEN,DOHOL,0.013784,0.013784
SASA,HALKB,0.013725,0.013725
AKSEN,KRDMD,0.013703,0.013703
SOKM,TOASO,0.013679,0.013679
VESTL,HEKTS,0.013661,0.013661
ARCLK,ZOREN,0.013651,0.013651
ULKER,TCELL,0.01356,0.01356
EKGYO,TAVHL,0.013537,0.013537
TKFEN,ECILC,0.013442,0.013442
TKFEN,TCELL,0.013432,0.013432
AKSA,TTKOM,0.013401,0.013401
ECILC,MGROS,0.013257,0.013257
BRYAT,LOGO,0.013237,0.013237
OYAKC,TKNSA,0.013233,0.013233
ALARK,KCHOL,0.013229,0.013229
KCHOL,OTKAR,0.013226,0.013226
BUCIM,TOASO,0.013195,0.013195
DOHOL,HEKTS,0.013191,0.013191
TKFEN,VESTL,0.013187,0.013187
PGSUS,ALARK,0.01313,0.01313
TTRAK,ZOREN,0.013064,0.013064
ASELS,EKGYO,0.012915,0.012915
AEFES,SISE,0.012906,0.012906
SASA,CEMTS,0.012809,0.012809
BUCIM,SKBNK,0.012739,0.012739
CIMSA,ASELS,0.012686,0.012686
HEKTS,SISE,0.012682,0.012682
TAVHL,SAHOL,0.012598,0.012598
BRYAT,CEMTS,0.01256,0.01256
BRYAT,CIMSA,0.012531,0.012531
ENJSA,GUBRF,0.012528,0.012528
AGHOL,THYAO,0.012492,0.012492
VESTL,MGROS,0.012434,0.012434
TKFEN,KRDMD,0.012394,0.012394
CCOLA,DGATE,0.012387,0.012387
AKFGY,EGEEN,0.012361,0.012361
ENJSA,PETKM,0.012255,0.012255
ASUZU,ENKAI,0.012225,0.012225
ASUZU,BRSAN,0.01216,0.01216
BTCIM,CIMSA,0.012009,0.012009
ASUZU,TAVHL,0.012004,0.012004
MAVI,ISGYO,0.011964,0.011964
TTKOM,OTKAR,0.011948,0.011948
EGEEN,AYGAZ,0.011891,0.011891
ISCTR,TTKOM,0.011747,0.011747
EKGYO,MGROS,0.011633,0.011633
VESTL,INDES,0.011551,0.011551
INDES,TTRAK,0.011531,0.011531
AGHOL,BRISA,0.011497,0.011497
VESBE,ZOREN,0.011446,0.011446
ISGYO,OTKAR,0.011416,0.011416
DOHOL,OTKAR,0.011404,0.011404
LOGO,TTRAK,0.011376,0.011376
OYAKC,DOHOL,0.011315,0.011315
LOGO,ZOREN,0.011301,0.011301
EGEEN,TOASO,0.011268,0.011268
CIMSA,ULKER,0.011268,0.011268
EKGYO,ZOREN,0.011208,0.011208
FROTO,LOGO,0.011186,0.011186
SASA,DOAS,0.011173,0.011173
ALARK,ARCLK,0.011141,0.011141
BRISA,VESTL,0.011125,0.011125
ASUZU,SKBNK,0.011104,0.011104
ANHYT,ECILC,0.011043,0.011043
EREGL,ASELS,0.011016,0.011016
SASA,ENKAI,0.011013,0.011013
HALKB,TTKOM,0.010897,0.010897
BRSAN,KRDMD,0.010815,0.010815
DOHOL,THYAO,0.010805,0.010805
BRSAN,ECILC,0.010801,0.010801
AKSA,TOASO,0.010777,0.010777
ENKAI,CIMSA,0.010745,0.010745
AKSEN,BRISA,0.01074,0.01074
KCHOL,TTKOM,0.010718,0.010718
BRSAN,ENJSA,0.0107,0.0107
EKGYO,TCELL,0.010683,0.010683
ULKER,TAVHL,0.010669,0.010669
DOAS,MPARK,0.010638,0.010638
EKGYO,OTKAR,0.010621,0.010621
VESBE,ODAS,0.010591,0.010591
ALARK,BERA,0.010562,0.010562
EREGL,SAHOL,0.010507,0.010507
AKSA,ASUZU,0.010498,0.010498
BERA,ARCLK,0.010426,0.010426
PAPIL,TURSG,0.010417,0.010417
ALARK,GUBRF,0.010414,0.010414
BRYAT,TAVHL,0.010401,0.010401
SISE,TTKOM,0.010389,0.010389
AGESA,TKNSA,0.010336,0.010336
BRSAN,ULKER,0.010295,0.010295
LOGO,TTKOM,0.010263,0.010263
PGSUS,SISE,0.010253,0.010253
DOAS,DGATE,0.01016,0.01016
ARCLK,TAVHL,0.01014,0.01014
ECILC,AYGAZ,0.010123,0.010123
ASUZU,LOGO,0.010094,0.010094
TUPRS,ZOREN,0.010018,0.010018
TTKOM,ZOREN,0.010009,0.010009
