source,target,te_forward,te_backward,net_te,dominant_direction
ODAS,AYGAZ,0.013608,0.0,0.013608,ODAS->AYGAZ
AGHOL,BRYAT,0.013607,0.0,0.013607,AGHOL->BRYAT
TCELL,MGROS,0.013216,0.0,0.013216,TCELL->MGROS
CIMSA,ENJSA,0.012429,0.0,0.012429,CIMSA->ENJSA
MPARK,CIMSA,0.0,0.012351,-0.012351,CIMSA->MPARK
BRSAN,BUCIM,0.0,0.012013,-0.012013,BUCIM->BRSAN
DGATE,ENKAI,0.0,0.01197,-0.01197,ENKAI->DGATE
SKBNK,KRDMD,0.011933,0.0,0.011933,SKBNK->KRDMD
VESTL,EKGYO,0.0,0.011883,-0.011883,EKGYO->VESTL
THYAO,TUPRS,0.0,0.011869,-0.011869,TUPRS->THYAO
MPARK,DOAS,0.0,0.011745,-0.011745,DOAS->MPARK
VESBE,BRYAT,0.011744,0.0,0.011744,VESBE->BRYAT
TOASO,GARAN,0.0,0.011678,-0.011678,GARAN->TOASO
ASUZU,GUBRF,0.011673,0.0,0.011673,ASUZU->GUBRF
AGESA,ASELS,0.0,0.011642,-0.011642,ASELS->AGESA
FROTO,ENKAI,0.0,0.01148,-0.01148,ENKAI->FROTO
ZOREN,ALARK,0.0,0.011419,-0.011419,ALARK->ZOREN
ARCLK,BRISA,0.011221,0.0,0.011221,ARCLK->BRISA
PGSUS,AKSEN,0.011015,0.0,0.011015,PGSUS->AKSEN
MPARK,BERA,0.0,0.010961,-0.010961,BERA->MPARK
DGATE,AYGAZ,0.0,0.010901,-0.010901,AYGAZ->DGATE
ANHYT,ASELS,0.010876,0.0,0.010876,ANHYT->ASELS
AKSA,GARAN,0.010872,0.0,0.010872,AKSA->GARAN
SKBNK,ALARK,0.010842,0.0,0.010842,SKBNK->ALARK
SAHOL,ULKER,0.010815,0.0,0.010815,SAHOL->ULKER
BIMAS,CIMSA,0.01076,0.0,0.01076,BIMAS->CIMSA
FROTO,SISE,0.0,0.010711,-0.010711,SISE->FROTO
BERA,BRISA,0.010688,0.0,0.010688,BERA->BRISA
ARCLK,BERA,0.0,0.010663,-0.010663,BERA->ARCLK
TKNSA,ECILC,0.0,0.010574,-0.010574,ECILC->TKNSA
MPARK,TAVHL,0.01046,0.0,0.01046,MPARK->TAVHL
TTRAK,ANHYT,0.010438,0.0,0.010438,TTRAK->ANHYT
AYGAZ,ENJSA,0.0,0.010425,-0.010425,ENJSA->AYGAZ
BRYAT,HEKTS,0.0,0.010379,-0.010379,HEKTS->BRYAT
AKSA,THYAO,0.0,0.010366,-0.010366,THYAO->AKSA
KCHOL,AYGAZ,0.0,0.010349,-0.010349,AYGAZ->KCHOL
KCHOL,MGROS,0.010329,0.0,0.010329,KCHOL->MGROS
TKNSA,TTRAK,0.0,0.010319,-0.010319,TTRAK->TKNSA
OYAKC,ZOREN,0.0,0.01031,-0.01031,ZOREN->OYAKC
TCELL,ULKER,0.010294,0.0,0.010294,TCELL->ULKER
OYAKC,ENJSA,0.010287,0.0,0.010287,OYAKC->ENJSA
AGHOL,DOAS,0.0,0.010279,-0.010279,DOAS->AGHOL
PETKM,ASELS,0.010174,0.0,0.010174,PETKM->ASELS
VESBE,BRSAN,0.0,0.010151,-0.010151,BRSAN->VESBE
CCOLA,PAPIL,0.010149,0.0,0.010149,CCOLA->PAPIL
EGEEN,DOAS,0.0,0.010136,-0.010136,DOAS->EGEEN
PAPIL,TCELL,0.0,0.010098,-0.010098,TCELL->PAPIL
ENJSA,ALARK,0.010078,0.0,0.010078,ENJSA->ALARK
CCOLA,SKBNK,0.0,0.010059,-0.010059,SKBNK->CCOLA
SISE,BRYAT,0.010054,0.0,0.010054,SISE->BRYAT
VESTL,GUBRF,0.010022,0.0,0.010022,VESTL->GUBRF
VAKBN,TUPRS,0.0,0.010009,-0.010009,TUPRS->VAKBN
PGSUS,ECILC,0.009983,0.0,0.009983,PGSUS->ECILC
OYAKC,ECILC,0.009967,0.0,0.009967,OYAKC->ECILC
TTRAK,ALARK,0.00995,0.0,0.00995,TTRAK->ALARK
TURSG,ULKER,0.0,0.009933,-0.009933,ULKER->TURSG
TURSG,EKGYO,0.0,0.009931,-0.009931,EKGYO->TURSG
AGHOL,SAHOL,0.0,0.009921,-0.009921,SAHOL->AGHOL
AGHOL,MPARK,0.009907,0.0,0.009907,AGHOL->MPARK
VESBE,ASUZU,0.009888,0.0,0.009888,VESBE->ASUZU
PAPIL,AKFGY,0.009885,0.0,0.009885,PAPIL->AKFGY
BRISA,ISCTR,0.0,0.009857,-0.009857,ISCTR->BRISA
TURSG,INDES,0.009852,0.0,0.009852,TURSG->INDES
VESTL,SAHOL,0.0,0.009852,-0.009852,SAHOL->VESTL
ODAS,ARCLK,0.0,0.009816,-0.009816,ARCLK->ODAS
HALKB,ENJSA,0.009765,0.0,0.009765,HALKB->ENJSA
VESBE,EKGYO,0.009762,0.0,0.009762,VESBE->EKGYO
SAHOL,TTKOM,0.009751,0.0,0.009751,SAHOL->TTKOM
SISE,BRISA,0.009747,0.0,0.009747,SISE->BRISA
SAHOL,MGROS,0.009709,0.0,0.009709,SAHOL->MGROS
AKSA,ECILC,0.0,0.009699,-0.009699,ECILC->AKSA
FROTO,HEKTS,0.0,0.009685,-0.009685,HEKTS->FROTO
BERA,DOAS,0.0,0.009684,-0.009684,DOAS->BERA
SOKM,AKBNK,0.0,0.009682,-0.009682,AKBNK->SOKM
CCOLA,AYGAZ,0.009672,0.0,0.009672,CCOLA->AYGAZ
AYGAZ,ASELS,0.0,0.009652,-0.009652,ASELS->AYGAZ
SOKM,CIMSA,0.009651,0.0,0.009651,SOKM->CIMSA
TOASO,GUBRF,0.00965,0.0,0.00965,TOASO->GUBRF
OYAKC,VAKBN,0.009645,0.0,0.009645,OYAKC->VAKBN
AGESA,MPARK,0.0,0.009633,-0.009633,MPARK->AGESA
KCHOL,TTKOM,0.009633,0.0,0.009633,KCHOL->TTKOM
EREGL,ARCLK,0.009627,0.0,0.009627,EREGL->ARCLK
INDES,BERA,0.0,0.009624,-0.009624,BERA->INDES
FROTO,OTKAR,0.0,0.009619,-0.009619,OTKAR->FROTO
VESTL,BRYAT,0.009599,0.0,0.009599,VESTL->BRYAT
YKBNK,SKBNK,0.0,0.00956,-0.00956,SKBNK->YKBNK
TUPRS,BRSAN,0.009558,0.0,0.009558,TUPRS->BRSAN
LOGO,BERA,0.0,0.009542,-0.009542,BERA->LOGO
MPARK,ULKER,0.0,0.009528,-0.009528,ULKER->MPARK
AEFES,AKSEN,0.009524,0.0,0.009524,AEFES->AKSEN
TOASO,AKSEN,0.009511,0.0,0.009511,TOASO->AKSEN
MGROS,BRISA,0.009508,0.0,0.009508,MGROS->BRISA
AKSA,VESTL,0.009506,0.0,0.009506,AKSA->VESTL
ULKER,DOAS,0.009503,0.0,0.009503,ULKER->DOAS
TURSG,AYGAZ,0.0,0.0095,-0.0095,AYGAZ->TURSG
BRYAT,CIMSA,0.0,0.009499,-0.009499,CIMSA->BRYAT
OYAKC,GARAN,0.0,0.00948,-0.00948,GARAN->OYAKC
PAPIL,VESBE,0.0,0.009467,-0.009467,VESBE->PAPIL
ISGYO,BERA,0.009455,0.0,0.009455,ISGYO->BERA
SISE,CIMSA,0.009438,0.0,0.009438,SISE->CIMSA
AEFES,TURSG,0.0,0.009427,-0.009427,TURSG->AEFES
TKFEN,MPARK,0.009403,0.0,0.009403,TKFEN->MPARK
BIMAS,BRYAT,0.009354,0.0,0.009354,BIMAS->BRYAT
MPARK,GUBRF,0.0,0.009345,-0.009345,GUBRF->MPARK
VESTL,TUPRS,0.0,0.009332,-0.009332,TUPRS->VESTL
AKSA,GUBRF,0.009316,0.0,0.009316,AKSA->GUBRF
OYAKC,MPARK,0.009307,0.0,0.009307,OYAKC->MPARK
SKBNK,HEKTS,0.0093,0.0,0.0093,SKBNK->HEKTS
TKNSA,OTKAR,0.0,0.0093,-0.0093,OTKAR->TKNSA
OYAKC,SOKM,0.0,0.009294,-0.009294,SOKM->OYAKC
ULKER,TUPRS,0.0,0.009289,-0.009289,TUPRS->ULKER
OYAKC,TCELL,0.009285,0.0,0.009285,OYAKC->TCELL
PAPIL,THYAO,0.0,0.009284,-0.009284,THYAO->PAPIL
THYAO,ENJSA,0.009274,0.0,0.009274,THYAO->ENJSA
ZOREN,ECILC,0.0,0.009271,-0.009271,ECILC->ZOREN
TKFEN,ENJSA,0.00927,0.0,0.00927,TKFEN->ENJSA
DOAS,ASUZU,0.009269,0.0,0.009269,DOAS->ASUZU
AGESA,EGEEN,0.0,0.009246,-0.009246,EGEEN->AGESA
THYAO,ALARK,0.009236,0.0,0.009236,THYAO->ALARK
SKBNK,ENJSA,0.009225,0.0,0.009225,SKBNK->ENJSA
THYAO,HEKTS,0.009224,0.0,0.009224,THYAO->HEKTS
ISGYO,AKFGY,0.009208,0.0,0.009208,ISGYO->AKFGY
ULKER,DOHOL,0.0,0.009203,-0.009203,DOHOL->ULKER
BRSAN,BRYAT,0.0,0.009193,-0.009193,BRYAT->BRSAN
ODAS,BUCIM,0.00918,0.0,0.00918,ODAS->BUCIM
BRYAT,GUBRF,0.0,0.009175,-0.009175,GUBRF->BRYAT
BTCIM,BRSAN,0.009174,0.0,0.009174,BTCIM->BRSAN
KCHOL,AKBNK,0.009168,0.0,0.009168,KCHOL->AKBNK
VESTL,ECILC,0.0,0.009161,-0.009161,ECILC->VESTL
SASA,PETKM,0.0,0.00915,-0.00915,PETKM->SASA
PAPIL,EGEEN,0.0,0.009135,-0.009135,EGEEN->PAPIL
TKNSA,BERA,0.0,0.009131,-0.009131,BERA->TKNSA
DGATE,AKFGY,0.009116,0.0,0.009116,DGATE->AKFGY
PGSUS,BTCIM,0.0,0.009097,-0.009097,BTCIM->PGSUS
TTRAK,BRSAN,0.009087,0.0,0.009087,TTRAK->BRSAN
LOGO,SKBNK,0.009083,0.0,0.009083,LOGO->SKBNK
BRYAT,ASUZU,0.009081,0.0,0.009081,BRYAT->ASUZU
MAVI,DOAS,0.0,0.009066,-0.009066,DOAS->MAVI
SISE,AYGAZ,0.009062,0.0,0.009062,SISE->AYGAZ
TTKOM,AKBNK,0.0,0.009058,-0.009058,AKBNK->TTKOM
SKBNK,GARAN,0.0,0.009048,-0.009048,GARAN->SKBNK
TKFEN,GUBRF,0.009042,0.0,0.009042,TKFEN->GUBRF
ODAS,TKNSA,0.009002,0.0,0.009002,ODAS->TKNSA
SISE,ASELS,0.0,0.00897,-0.00897,ASELS->SISE
MPARK,AKFGY,0.0,0.008951,-0.008951,AKFGY->MPARK
ISGYO,BRSAN,0.0,0.008936,-0.008936,BRSAN->ISGYO
EREGL,BERA,0.008926,0.0,0.008926,EREGL->BERA
PGSUS,BRSAN,0.0,0.008923,-0.008923,BRSAN->PGSUS
TCELL,DOHOL,0.00892,0.0,0.00892,TCELL->DOHOL
MPARK,BRISA,0.0,0.008917,-0.008917,BRISA->MPARK
VESTL,AKBNK,0.008912,0.0,0.008912,VESTL->AKBNK
MPARK,HEKTS,0.0,0.008905,-0.008905,HEKTS->MPARK
BERA,CEMTS,0.0089,0.0,0.0089,BERA->CEMTS
PGSUS,THYAO,0.0,0.008896,-0.008896,THYAO->PGSUS
KRDMD,AYGAZ,0.008888,0.0,0.008888,KRDMD->AYGAZ
TCELL,THYAO,0.0,0.008868,-0.008868,THYAO->TCELL
TCELL,GARAN,0.008868,0.0,0.008868,TCELL->GARAN
MPARK,CEMTS,0.0,0.008862,-0.008862,CEMTS->MPARK
AKBNK,HALKB,0.008862,0.0,0.008862,AKBNK->HALKB
PGSUS,ULKER,0.00886,0.0,0.00886,PGSUS->ULKER
BRYAT,OTKAR,0.008842,0.0,0.008842,BRYAT->OTKAR
SISE,ALARK,0.00883,0.0,0.00883,SISE->ALARK
ZOREN,AKFGY,0.008822,0.0,0.008822,ZOREN->AKFGY
BRYAT,BUCIM,0.0,0.008814,-0.008814,BUCIM->BRYAT
ENJSA,GUBRF,0.0,0.008808,-0.008808,GUBRF->ENJSA
FROTO,BIMAS,0.0,0.008802,-0.008802,BIMAS->FROTO
BRISA,EKGYO,0.008763,0.0,0.008763,BRISA->EKGYO
AYGAZ,AKBNK,0.0,0.008743,-0.008743,AKBNK->AYGAZ
AGESA,ANHYT,0.008727,0.0,0.008727,AGESA->ANHYT
SOKM,ARCLK,0.008722,0.0,0.008722,SOKM->ARCLK
MPARK,ENJSA,0.008722,0.0,0.008722,MPARK->ENJSA
CEMTS,AKFGY,0.008721,0.0,0.008721,CEMTS->AKFGY
ULKER,BERA,0.0,0.008715,-0.008715,BERA->ULKER
TTKOM,HALKB,0.008663,0.0,0.008663,TTKOM->HALKB
CIMSA,ASUZU,0.0,0.008647,-0.008647,ASUZU->CIMSA
TUPRS,ANHYT,0.008632,0.0,0.008632,TUPRS->ANHYT
OYAKC,AGESA,0.008623,0.0,0.008623,OYAKC->AGESA
TCELL,AKFGY,0.0,0.008615,-0.008615,AKFGY->TCELL
TOASO,BRISA,0.008614,0.0,0.008614,TOASO->BRISA
BTCIM,AGESA,0.008612,0.0,0.008612,BTCIM->AGESA
TTKOM,ECILC,0.0,0.008609,-0.008609,ECILC->TTKOM
SASA,TTRAK,0.0086,0.0,0.0086,SASA->TTRAK
SAHOL,AYGAZ,0.008593,0.0,0.008593,SAHOL->AYGAZ
VAKBN,AKFGY,0.008563,0.0,0.008563,VAKBN->AKFGY
BRISA,CIMSA,0.008561,0.0,0.008561,BRISA->CIMSA
TURSG,SOKM,0.008554,0.0,0.008554,TURSG->SOKM
VESBE,TKNSA,0.00855,0.0,0.00855,VESBE->TKNSA
MPARK,ZOREN,0.0,0.008539,-0.008539,ZOREN->MPARK
EGEEN,BRSAN,0.008531,0.0,0.008531,EGEEN->BRSAN
VESBE,AYGAZ,0.0,0.008529,-0.008529,AYGAZ->VESBE
ZOREN,SOKM,0.0,0.008494,-0.008494,SOKM->ZOREN
CCOLA,TCELL,0.0,0.00849,-0.00849,TCELL->CCOLA
TURSG,BTCIM,0.0,0.008489,-0.008489,BTCIM->TURSG
TOASO,ECILC,0.008488,0.0,0.008488,TOASO->ECILC
ULKER,GARAN,0.0,0.008485,-0.008485,GARAN->ULKER
TURSG,ANHYT,0.0,0.008479,-0.008479,ANHYT->TURSG
VESBE,EGEEN,0.008476,0.0,0.008476,VESBE->EGEEN
FROTO,MPARK,0.008474,0.0,0.008474,FROTO->MPARK
BTCIM,GUBRF,0.008465,0.0,0.008465,BTCIM->GUBRF
THYAO,BUCIM,0.00846,0.0,0.00846,THYAO->BUCIM
AKSA,TUPRS,0.008455,0.0,0.008455,AKSA->TUPRS
CEMTS,EKGYO,0.008441,0.0,0.008441,CEMTS->EKGYO
PAPIL,ZOREN,0.008437,0.0,0.008437,PAPIL->ZOREN
AGHOL,MGROS,0.008436,0.0,0.008436,AGHOL->MGROS
AGESA,AYGAZ,0.008422,0.0,0.008422,AGESA->AYGAZ
ULKER,ISGYO,0.008422,0.0,0.008422,ULKER->ISGYO
BTCIM,DGATE,0.008408,0.0,0.008408,BTCIM->DGATE
TOASO,ARCLK,0.0,0.008406,-0.008406,ARCLK->TOASO
ANHYT,EKGYO,0.0,0.0084,-0.0084,EKGYO->ANHYT
ODAS,ISCTR,0.0,0.008389,-0.008389,ISCTR->ODAS
FROTO,BRISA,0.008373,0.0,0.008373,FROTO->BRISA
BRYAT,ASELS,0.0,0.008342,-0.008342,ASELS->BRYAT
AEFES,BERA,0.0,0.008341,-0.008341,BERA->AEFES
TKFEN,KRDMD,0.0,0.00834,-0.00834,KRDMD->TKFEN
MAVI,AGESA,0.008339,0.0,0.008339,MAVI->AGESA
TTKOM,ENKAI,0.0,0.008338,-0.008338,ENKAI->TTKOM
ASUZU,AKSEN,0.008329,0.0,0.008329,ASUZU->AKSEN
MPARK,DOHOL,0.0,0.008329,-0.008329,DOHOL->MPARK
SOKM,TCELL,0.0,0.008324,-0.008324,TCELL->SOKM
DOHOL,ASELS,0.008314,0.0,0.008314,DOHOL->ASELS
AGESA,CEMTS,0.0,0.008311,-0.008311,CEMTS->AGESA
TTKOM,GUBRF,0.008308,0.0,0.008308,TTKOM->GUBRF
INDES,THYAO,0.0,0.008299,-0.008299,THYAO->INDES
INDES,OTKAR,0.008294,0.0,0.008294,INDES->OTKAR
ECILC,ISCTR,0.008261,0.0,0.008261,ECILC->ISCTR
EGEEN,ECILC,0.0,0.008256,-0.008256,ECILC->EGEEN
VESBE,AKFGY,0.008237,0.0,0.008237,VESBE->AKFGY
SOKM,ISGYO,0.008235,0.0,0.008235,SOKM->ISGYO
CCOLA,AKSA,0.008221,0.0,0.008221,CCOLA->AKSA
AKSA,ARCLK,0.008217,0.0,0.008217,AKSA->ARCLK
SASA,ARCLK,0.0,0.008215,-0.008215,ARCLK->SASA
EGEEN,BRYAT,0.008214,0.0,0.008214,EGEEN->BRYAT
BRISA,BUCIM,0.008207,0.0,0.008207,BRISA->BUCIM
FROTO,TTKOM,0.0,0.008206,-0.008206,TTKOM->FROTO
BUCIM,AKSEN,0.008201,0.0,0.008201,BUCIM->AKSEN
EREGL,BRYAT,0.00819,0.0,0.00819,EREGL->BRYAT
BRYAT,ENKAI,0.0,0.008182,-0.008182,ENKAI->BRYAT
EREGL,KCHOL,0.008182,0.0,0.008182,EREGL->KCHOL
OYAKC,BRYAT,0.008174,0.0,0.008174,OYAKC->BRYAT
AKSA,BRISA,0.0,0.008172,-0.008172,BRISA->AKSA
ARCLK,BUCIM,0.0,0.008171,-0.008171,BUCIM->ARCLK
DOHOL,AKBNK,0.0,0.008168,-0.008168,AKBNK->DOHOL
MAVI,VAKBN,0.008165,0.0,0.008165,MAVI->VAKBN
MPARK,ENKAI,0.0,0.008159,-0.008159,ENKAI->MPARK
DGATE,BERA,0.0,0.008151,-0.008151,BERA->DGATE
SISE,ISCTR,0.0,0.008149,-0.008149,ISCTR->SISE
PGSUS,GARAN,0.008141,0.0,0.008141,PGSUS->GARAN
AGESA,VESBE,0.008136,0.0,0.008136,AGESA->VESBE
MAVI,HALKB,0.008129,0.0,0.008129,MAVI->HALKB
YKBNK,ENKAI,0.0,0.008124,-0.008124,ENKAI->YKBNK
ULKER,ENJSA,0.0,0.008114,-0.008114,ENJSA->ULKER
TKNSA,KRDMD,0.0,0.008107,-0.008107,KRDMD->TKNSA
TURSG,OYAKC,0.0,0.008105,-0.008105,OYAKC->TURSG
VESBE,TOASO,0.0,0.008102,-0.008102,TOASO->VESBE
EREGL,CIMSA,0.008096,0.0,0.008096,EREGL->CIMSA
SAHOL,SOKM,0.008072,0.0,0.008072,SAHOL->SOKM
KRDMD,CEMTS,0.008071,0.0,0.008071,KRDMD->CEMTS
SKBNK,TOASO,0.008061,0.0,0.008061,SKBNK->TOASO
TTKOM,CEMTS,0.0,0.008045,-0.008045,CEMTS->TTKOM
VESTL,ASELS,0.008042,0.0,0.008042,VESTL->ASELS
MAVI,AGHOL,0.008041,0.0,0.008041,MAVI->AGHOL
KCHOL,GARAN,0.008038,0.0,0.008038,KCHOL->GARAN
AKSA,HALKB,0.0,0.008037,-0.008037,HALKB->AKSA
AEFES,AGESA,0.008037,0.0,0.008037,AEFES->AGESA
ISGYO,ANHYT,0.008031,0.0,0.008031,ISGYO->ANHYT
PETKM,ENJSA,0.008026,0.0,0.008026,PETKM->ENJSA
ARCLK,CIMSA,0.0,0.008009,-0.008009,CIMSA->ARCLK
SASA,CCOLA,0.0,0.008002,-0.008002,CCOLA->SASA
TURSG,TCELL,0.0,0.007995,-0.007995,TCELL->TURSG
AGHOL,ULKER,0.007979,0.0,0.007979,AGHOL->ULKER
TTKOM,ANHYT,0.007976,0.0,0.007976,TTKOM->ANHYT
SOKM,EKGYO,0.007974,0.0,0.007974,SOKM->EKGYO
AKFGY,ASELS,0.007964,0.0,0.007964,AKFGY->ASELS
AGESA,ASUZU,0.0,0.007962,-0.007962,ASUZU->AGESA
ODAS,ENKAI,0.007959,0.0,0.007959,ODAS->ENKAI
SOKM,BUCIM,0.007958,0.0,0.007958,SOKM->BUCIM
TTRAK,ISGYO,0.007956,0.0,0.007956,TTRAK->ISGYO
TKFEN,SISE,0.0,0.007955,-0.007955,SISE->TKFEN
AEFES,MPARK,0.007954,0.0,0.007954,AEFES->MPARK
THYAO,AKSEN,0.007948,0.0,0.007948,THYAO->AKSEN
SOKM,GARAN,0.0,0.007945,-0.007945,GARAN->SOKM
VAKBN,OTKAR,0.0,0.007945,-0.007945,OTKAR->VAKBN
BUCIM,ANHYT,0.007938,0.0,0.007938,BUCIM->ANHYT
TUPRS,BRYAT,0.0,0.007923,-0.007923,BRYAT->TUPRS
AGHOL,ASUZU,0.007918,0.0,0.007918,AGHOL->ASUZU
BRSAN,GARAN,0.0,0.007917,-0.007917,GARAN->BRSAN
AGHOL,TOASO,0.0,0.007913,-0.007913,TOASO->AGHOL
YKBNK,MGROS,0.007908,0.0,0.007908,YKBNK->MGROS
PETKM,GUBRF,0.007893,0.0,0.007893,PETKM->GUBRF
TURSG,BIMAS,0.007893,0.0,0.007893,TURSG->BIMAS
EREGL,TKNSA,0.0,0.007887,-0.007887,TKNSA->EREGL
ZOREN,BRSAN,0.007862,0.0,0.007862,ZOREN->BRSAN
ARCLK,ENKAI,0.0,0.007847,-0.007847,ENKAI->ARCLK
VESBE,ARCLK,0.007846,0.0,0.007846,VESBE->ARCLK
BUCIM,DOAS,0.0,0.007832,-0.007832,DOAS->BUCIM
DOAS,ENJSA,0.00782,0.0,0.00782,DOAS->ENJSA
TKNSA,BRYAT,0.007818,0.0,0.007818,TKNSA->BRYAT
FROTO,OYAKC,0.0,0.007809,-0.007809,OYAKC->FROTO
EREGL,AKFGY,0.007803,0.0,0.007803,EREGL->AKFGY
VAKBN,TOASO,0.0,0.007801,-0.007801,TOASO->VAKBN
TUPRS,AYGAZ,0.007801,0.0,0.007801,TUPRS->AYGAZ
BUCIM,OTKAR,0.0,0.007786,-0.007786,OTKAR->BUCIM
ENJSA,ASELS,0.0,0.00777,-0.00777,ASELS->ENJSA
ULKER,AYGAZ,0.0,0.007763,-0.007763,AYGAZ->ULKER
TCELL,HALKB,0.007758,0.0,0.007758,TCELL->HALKB
SISE,ODAS,0.007753,0.0,0.007753,SISE->ODAS
EREGL,DGATE,0.007751,0.0,0.007751,EREGL->DGATE
PAPIL,BERA,0.0,0.007741,-0.007741,BERA->PAPIL
OYAKC,DGATE,0.007731,0.0,0.007731,OYAKC->DGATE
DGATE,ASELS,0.0,0.00773,-0.00773,ASELS->DGATE
AKSA,TOASO,0.0,0.007728,-0.007728,TOASO->AKSA
TTKOM,DOAS,0.007724,0.0,0.007724,TTKOM->DOAS
DOAS,ISCTR,0.007718,0.0,0.007718,DOAS->ISCTR
SASA,AKFGY,0.0,0.007718,-0.007718,AKFGY->SASA
MPARK,ARCLK,0.0,0.007716,-0.007716,ARCLK->MPARK
TTKOM,EKGYO,0.0,0.007714,-0.007714,EKGYO->TTKOM
YKBNK,ALARK,0.0,0.007685,-0.007685,ALARK->YKBNK
AKSA,ENKAI,0.007682,0.0,0.007682,AKSA->ENKAI
INDES,ASELS,0.007674,0.0,0.007674,INDES->ASELS
ARCLK,AYGAZ,0.007671,0.0,0.007671,ARCLK->AYGAZ
INDES,BUCIM,0.007654,0.0,0.007654,INDES->BUCIM
SASA,AGHOL,0.007654,0.0,0.007654,SASA->AGHOL
PGSUS,AYGAZ,0.0,0.007645,-0.007645,AYGAZ->PGSUS
ODAS,MGROS,0.007642,0.0,0.007642,ODAS->MGROS
CCOLA,ISCTR,0.0,0.007642,-0.007642,ISCTR->CCOLA
FROTO,ENJSA,0.0,0.00764,-0.00764,ENJSA->FROTO
BTCIM,PAPIL,0.0,0.007629,-0.007629,PAPIL->BTCIM
MAVI,VESTL,0.007628,0.0,0.007628,MAVI->VESTL
FROTO,SASA,0.0,0.007625,-0.007625,SASA->FROTO
PAPIL,ASELS,0.007623,0.0,0.007623,PAPIL->ASELS
BERA,BRYAT,0.00762,0.0,0.00762,BERA->BRYAT
DGATE,TTKOM,0.0,0.007616,-0.007616,TTKOM->DGATE
ANHYT,HALKB,0.0,0.007615,-0.007615,HALKB->ANHYT
AKSEN,AKBNK,0.007613,0.0,0.007613,AKSEN->AKBNK
ZOREN,VAKBN,0.0,0.007612,-0.007612,VAKBN->ZOREN
BRYAT,ISCTR,0.0,0.007605,-0.007605,ISCTR->BRYAT
PETKM,ANHYT,0.007601,0.0,0.007601,PETKM->ANHYT
FROTO,HALKB,0.0,0.007578,-0.007578,HALKB->FROTO
CIMSA,OTKAR,0.0,0.007577,-0.007577,OTKAR->CIMSA
BRSAN,CIMSA,0.007574,0.0,0.007574,BRSAN->CIMSA
TURSG,TKFEN,0.007569,0.0,0.007569,TURSG->TKFEN
MAVI,BERA,0.007568,0.0,0.007568,MAVI->BERA
TOASO,TTRAK,0.007554,0.0,0.007554,TOASO->TTRAK
LOGO,ASELS,0.007551,0.0,0.007551,LOGO->ASELS
SAHOL,ALARK,0.0,0.007546,-0.007546,ALARK->SAHOL
TTKOM,ASUZU,0.0,0.007545,-0.007545,ASUZU->TTKOM
MPARK,AKBNK,0.0,0.007544,-0.007544,AKBNK->MPARK
SOKM,TTKOM,0.0,0.007543,-0.007543,TTKOM->SOKM
TKNSA,ISCTR,0.0,0.007543,-0.007543,ISCTR->TKNSA
INDES,ALARK,0.0,0.007542,-0.007542,ALARK->INDES
AKSA,EGEEN,0.0,0.007542,-0.007542,EGEEN->AKSA
SKBNK,HALKB,0.0,0.00754,-0.00754,HALKB->SKBNK
DGATE,TOASO,0.0,0.007532,-0.007532,TOASO->DGATE
TOASO,AYGAZ,0.007527,0.0,0.007527,TOASO->AYGAZ
AGESA,SKBNK,0.0,0.007527,-0.007527,SKBNK->AGESA
ARCLK,DOHOL,0.0,0.007524,-0.007524,DOHOL->ARCLK
DGATE,LOGO,0.0,0.007522,-0.007522,LOGO->DGATE
VAKBN,MGROS,0.007518,0.0,0.007518,VAKBN->MGROS
ISGYO,CEMTS,0.007516,0.0,0.007516,ISGYO->CEMTS
YKBNK,CEMTS,0.007511,0.0,0.007511,YKBNK->CEMTS
OYAKC,AYGAZ,0.00751,0.0,0.00751,OYAKC->AYGAZ
TTKOM,ISCTR,0.007509,0.0,0.007509,TTKOM->ISCTR
ODAS,ECILC,0.007498,0.0,0.007498,ODAS->ECILC
CCOLA,AKSEN,0.007498,0.0,0.007498,CCOLA->AKSEN
VESTL,ASUZU,0.007497,0.0,0.007497,VESTL->ASUZU
AGESA,ENJSA,0.0,0.007496,-0.007496,ENJSA->AGESA
AGESA,AKSEN,0.0,0.007483,-0.007483,AKSEN->AGESA
TOASO,BUCIM,0.0,0.007473,-0.007473,BUCIM->TOASO
AEFES,SOKM,0.00747,0.0,0.00747,AEFES->SOKM
ISGYO,OTKAR,0.007466,0.0,0.007466,ISGYO->OTKAR
KCHOL,ISCTR,0.007461,0.0,0.007461,KCHOL->ISCTR
TUPRS,GARAN,0.007454,0.0,0.007454,TUPRS->GARAN
PAPIL,ENKAI,0.007453,0.0,0.007453,PAPIL->ENKAI
LOGO,ECILC,0.007451,0.0,0.007451,LOGO->ECILC
ULKER,ANHYT,0.007448,0.0,0.007448,ULKER->ANHYT
TAVHL,BRISA,0.007434,0.0,0.007434,TAVHL->BRISA
THYAO,BRYAT,0.00743,0.0,0.00743,THYAO->BRYAT
AKSA,VESBE,0.0,0.007428,-0.007428,VESBE->AKSA
MGROS,ISCTR,0.0,0.007426,-0.007426,ISCTR->MGROS
ANHYT,AKBNK,0.0,0.007423,-0.007423,AKBNK->ANHYT
ZOREN,MGROS,0.0,0.007421,-0.007421,MGROS->ZOREN
SAHOL,THYAO,0.0,0.00742,-0.00742,THYAO->SAHOL
YKBNK,TTKOM,0.0,0.00742,-0.00742,TTKOM->YKBNK
AGHOL,KCHOL,0.0,0.007418,-0.007418,KCHOL->AGHOL
BUCIM,ISCTR,0.007412,0.0,0.007412,BUCIM->ISCTR
FROTO,INDES,0.0,0.007411,-0.007411,INDES->FROTO
PGSUS,AGHOL,0.007402,0.0,0.007402,PGSUS->AGHOL
DGATE,GUBRF,0.0,0.007402,-0.007402,GUBRF->DGATE
PETKM,AKBNK,0.007398,0.0,0.007398,PETKM->AKBNK
AEFES,TTKOM,0.007396,0.0,0.007396,AEFES->TTKOM
THYAO,ULKER,0.007395,0.0,0.007395,THYAO->ULKER
ANHYT,ENJSA,0.0,0.007394,-0.007394,ENJSA->ANHYT
ASUZU,HEKTS,0.0,0.007394,-0.007394,HEKTS->ASUZU
ISGYO,GARAN,0.007387,0.0,0.007387,ISGYO->GARAN
AGESA,ECILC,0.0,0.007386,-0.007386,ECILC->AGESA
THYAO,CEMTS,0.007382,0.0,0.007382,THYAO->CEMTS
LOGO,OTKAR,0.0,0.007369,-0.007369,OTKAR->LOGO
TCELL,TOASO,0.007352,0.0,0.007352,TCELL->TOASO
PAPIL,ENJSA,0.007348,0.0,0.007348,PAPIL->ENJSA
VESBE,ISGYO,0.0,0.007348,-0.007348,ISGYO->VESBE
PETKM,BUCIM,0.0,0.00733,-0.00733,BUCIM->PETKM
ODAS,BERA,0.0,0.007322,-0.007322,BERA->ODAS
BRISA,HEKTS,0.0,0.007322,-0.007322,HEKTS->BRISA
TUPRS,ARCLK,0.00732,0.0,0.00732,TUPRS->ARCLK
AYGAZ,CIMSA,0.0,0.007319,-0.007319,CIMSA->AYGAZ
BUCIM,ENKAI,0.0,0.007319,-0.007319,ENKAI->BUCIM
EREGL,AGHOL,0.007313,0.0,0.007313,EREGL->AGHOL
SISE,SKBNK,0.0,0.007305,-0.007305,SKBNK->SISE
BRSAN,ENKAI,0.007301,0.0,0.007301,BRSAN->ENKAI
PETKM,TCELL,0.0073,0.0,0.0073,PETKM->TCELL
VESTL,THYAO,0.0,0.007299,-0.007299,THYAO->VESTL
VESTL,CIMSA,0.0,0.007299,-0.007299,CIMSA->VESTL
AGESA,MGROS,0.007297,0.0,0.007297,AGESA->MGROS
MPARK,PETKM,0.0,0.007283,-0.007283,PETKM->MPARK
VESBE,AKBNK,0.007281,0.0,0.007281,VESBE->AKBNK
MGROS,CIMSA,0.0,0.007279,-0.007279,CIMSA->MGROS
BERA,ECILC,0.007279,0.0,0.007279,BERA->ECILC
ARCLK,DOAS,0.007277,0.0,0.007277,ARCLK->DOAS
FROTO,AKSA,0.0,0.007273,-0.007273,AKSA->FROTO
VESBE,HALKB,0.007273,0.0,0.007273,VESBE->HALKB
PAPIL,ULKER,0.007271,0.0,0.007271,PAPIL->ULKER
AEFES,YKBNK,0.00727,0.0,0.00727,AEFES->YKBNK
KRDMD,ISCTR,0.0,0.007269,-0.007269,ISCTR->KRDMD
BRISA,ASUZU,0.0,0.007249,-0.007249,ASUZU->BRISA
THYAO,MGROS,0.007243,0.0,0.007243,THYAO->MGROS
ISGYO,AYGAZ,0.00724,0.0,0.00724,ISGYO->AYGAZ
THYAO,ASELS,0.007236,0.0,0.007236,THYAO->ASELS
FROTO,ALARK,0.007235,0.0,0.007235,FROTO->ALARK
ULKER,ISCTR,0.0,0.007235,-0.007235,ISCTR->ULKER
EREGL,TOASO,0.007223,0.0,0.007223,EREGL->TOASO
LOGO,ISGYO,0.0,0.007221,-0.007221,ISGYO->LOGO
TKNSA,BUCIM,0.007219,0.0,0.007219,TKNSA->BUCIM
BRSAN,ALARK,0.007208,0.0,0.007208,BRSAN->ALARK
TUPRS,ECILC,0.007208,0.0,0.007208,TUPRS->ECILC
PAPIL,TKNSA,0.0,0.007198,-0.007198,TKNSA->PAPIL
PGSUS,HALKB,0.007196,0.0,0.007196,PGSUS->HALKB
LOGO,INDES,0.007195,0.0,0.007195,LOGO->INDES
ULKER,EKGYO,0.007191,0.0,0.007191,ULKER->EKGYO
TCELL,EKGYO,0.007183,0.0,0.007183,TCELL->EKGYO
PAPIL,DOAS,0.0,0.007172,-0.007172,DOAS->PAPIL
TUPRS,OTKAR,0.0,0.007166,-0.007166,OTKAR->TUPRS
SKBNK,AKBNK,0.0,0.007162,-0.007162,AKBNK->SKBNK
SAHOL,AKSEN,0.007151,0.0,0.007151,SAHOL->AKSEN
AEFES,DOHOL,0.0,0.007151,-0.007151,DOHOL->AEFES
EREGL,INDES,0.0,0.007147,-0.007147,INDES->EREGL
AKSA,TTKOM,0.0,0.007146,-0.007146,TTKOM->AKSA
INDES,ANHYT,0.007141,0.0,0.007141,INDES->ANHYT
BRYAT,DOHOL,0.0,0.007136,-0.007136,DOHOL->BRYAT
PAPIL,BUCIM,0.007126,0.0,0.007126,PAPIL->BUCIM
BERA,BUCIM,0.007124,0.0,0.007124,BERA->BUCIM
ULKER,HALKB,0.007119,0.0,0.007119,ULKER->HALKB
PETKM,KRDMD,0.0,0.007116,-0.007116,KRDMD->PETKM
CEMTS,HEKTS,0.007115,0.0,0.007115,CEMTS->HEKTS
FROTO,TUPRS,0.007114,0.0,0.007114,FROTO->TUPRS
ISGYO,DOHOL,0.0,0.007113,-0.007113,DOHOL->ISGYO
VESTL,TOASO,0.0,0.00711,-0.00711,TOASO->VESTL
HALKB,GARAN,0.0,0.007085,-0.007085,GARAN->HALKB
SOKM,TAVHL,0.007084,0.0,0.007084,SOKM->TAVHL
SASA,ZOREN,0.007083,0.0,0.007083,SASA->ZOREN
ODAS,BRSAN,0.0,0.00708,-0.00708,BRSAN->ODAS
TURSG,PGSUS,0.0,0.007074,-0.007074,PGSUS->TURSG
VESBE,HEKTS,0.0,0.007068,-0.007068,HEKTS->VESBE
ULKER,AKBNK,0.0,0.007067,-0.007067,AKBNK->ULKER
VAKBN,KCHOL,0.0,0.007053,-0.007053,KCHOL->VAKBN
SAHOL,BRISA,0.0,0.007051,-0.007051,BRISA->SAHOL
TCELL,KCHOL,0.0,0.007048,-0.007048,KCHOL->TCELL
KRDMD,CIMSA,0.007047,0.0,0.007047,KRDMD->CIMSA
VAKBN,TKNSA,0.0,0.007046,-0.007046,TKNSA->VAKBN
BERA,BRSAN,0.00704,0.0,0.00704,BERA->BRSAN
SISE,EGEEN,0.007038,0.0,0.007038,SISE->EGEEN
INDES,BRYAT,0.007037,0.0,0.007037,INDES->BRYAT
OYAKC,AKSEN,0.007037,0.0,0.007037,OYAKC->AKSEN
YKBNK,DOHOL,0.007024,0.0,0.007024,YKBNK->DOHOL
BIMAS,ENJSA,0.007021,0.0,0.007021,BIMAS->ENJSA
TUPRS,ALARK,0.007021,0.0,0.007021,TUPRS->ALARK
BIMAS,ECILC,0.007005,0.0,0.007005,BIMAS->ECILC
YKBNK,BERA,0.0,0.007003,-0.007003,BERA->YKBNK
AEFES,THYAO,0.007002,0.0,0.007002,AEFES->THYAO
SAHOL,ASUZU,0.0,0.006998,-0.006998,ASUZU->SAHOL
SISE,ZOREN,0.006985,0.0,0.006985,SISE->ZOREN
ASUZU,AKFGY,0.0,0.006981,-0.006981,AKFGY->ASUZU
PAPIL,VESTL,0.0,0.006971,-0.006971,VESTL->PAPIL
VESBE,CIMSA,0.00695,0.0,0.00695,VESBE->CIMSA
ODAS,VESTL,0.006949,0.0,0.006949,ODAS->VESTL
GUBRF,ENKAI,0.0,0.006945,-0.006945,ENKAI->GUBRF
FROTO,TKFEN,0.006939,0.0,0.006939,FROTO->TKFEN
LOGO,ALARK,0.006938,0.0,0.006938,LOGO->ALARK
ZOREN,ENKAI,0.0,0.006934,-0.006934,ENKAI->ZOREN
PAPIL,TUPRS,0.006927,0.0,0.006927,PAPIL->TUPRS
PAPIL,OTKAR,0.0,0.006915,-0.006915,OTKAR->PAPIL
AYGAZ,BRISA,0.006912,0.0,0.006912,AYGAZ->BRISA
PETKM,ISGYO,0.00691,0.0,0.00691,PETKM->ISGYO
TKFEN,ANHYT,0.0,0.006908,-0.006908,ANHYT->TKFEN
AKSA,ODAS,0.006897,0.0,0.006897,AKSA->ODAS
EREGL,SASA,0.006894,0.0,0.006894,EREGL->SASA
BTCIM,GARAN,0.006892,0.0,0.006892,BTCIM->GARAN
AKFGY,HALKB,0.006889,0.0,0.006889,AKFGY->HALKB
YKBNK,EGEEN,0.006867,0.0,0.006867,YKBNK->EGEEN
OYAKC,ASELS,0.006865,0.0,0.006865,OYAKC->ASELS
AKSA,VAKBN,0.0,0.006864,-0.006864,VAKBN->AKSA
TKNSA,HEKTS,0.006863,0.0,0.006863,TKNSA->HEKTS
TUPRS,AKFGY,0.006861,0.0,0.006861,TUPRS->AKFGY
DGATE,DOAS,0.00685,0.0,0.00685,DGATE->DOAS
EGEEN,ISCTR,0.006837,0.0,0.006837,EGEEN->ISCTR
FROTO,VESTL,0.0,0.006828,-0.006828,VESTL->FROTO
TUPRS,DOAS,0.00682,0.0,0.00682,TUPRS->DOAS
AGESA,TUPRS,0.006813,0.0,0.006813,AGESA->TUPRS
SAHOL,HALKB,0.006812,0.0,0.006812,SAHOL->HALKB
BUCIM,DOHOL,0.0,0.006809,-0.006809,DOHOL->BUCIM
BRYAT,ALARK,0.0,0.006807,-0.006807,ALARK->BRYAT
TKNSA,GUBRF,0.0,0.006799,-0.006799,GUBRF->TKNSA
SASA,BUCIM,0.006794,0.0,0.006794,SASA->BUCIM
VESBE,ANHYT,0.006793,0.0,0.006793,VESBE->ANHYT
AEFES,BRYAT,0.006781,0.0,0.006781,AEFES->BRYAT
PAPIL,CEMTS,0.00678,0.0,0.00678,PAPIL->CEMTS
PETKM,ALARK,0.006774,0.0,0.006774,PETKM->ALARK
DGATE,ANHYT,0.0,0.006767,-0.006767,ANHYT->DGATE
FROTO,TTRAK,0.006762,0.0,0.006762,FROTO->TTRAK
FROTO,ULKER,0.0,0.006754,-0.006754,ULKER->FROTO
OYAKC,SASA,0.00675,0.0,0.00675,OYAKC->SASA
MGROS,AKSEN,0.006746,0.0,0.006746,MGROS->AKSEN
VESTL,BRSAN,0.006733,0.0,0.006733,VESTL->BRSAN
PGSUS,PETKM,0.006717,0.0,0.006717,PGSUS->PETKM
SOKM,VAKBN,0.0,0.006705,-0.006705,VAKBN->SOKM
PETKM,THYAO,0.0,0.006695,-0.006695,THYAO->PETKM
AKSEN,ISCTR,0.0,0.006682,-0.006682,ISCTR->AKSEN
INDES,ENKAI,0.006665,0.0,0.006665,INDES->ENKAI
ZOREN,TCELL,0.0,0.00666,-0.00666,TCELL->ZOREN
TTKOM,TUPRS,0.006656,0.0,0.006656,TTKOM->TUPRS
AGESA,HEKTS,0.006651,0.0,0.006651,AGESA->HEKTS
BTCIM,HEKTS,0.006642,0.0,0.006642,BTCIM->HEKTS
BERA,ENJSA,0.014091,0.007454,0.006637,BERA->ENJSA
ULKER,ARCLK,0.0,0.00663,-0.00663,ARCLK->ULKER
VESTL,BUCIM,0.006621,0.0,0.006621,VESTL->BUCIM
TTRAK,BERA,0.0,0.006617,-0.006617,BERA->TTRAK
THYAO,KRDMD,0.006604,0.0,0.006604,THYAO->KRDMD
TOASO,ENKAI,0.0,0.006591,-0.006591,ENKAI->TOASO
LOGO,TKNSA,0.006579,0.0,0.006579,LOGO->TKNSA
TURSG,TOASO,0.0,0.006577,-0.006577,TOASO->TURSG
HEKTS,OTKAR,0.0,0.006572,-0.006572,OTKAR->HEKTS
BTCIM,BIMAS,0.0,0.006561,-0.006561,BIMAS->BTCIM
DGATE,BRYAT,0.0,0.00656,-0.00656,BRYAT->DGATE
BRISA,DOAS,0.0,0.006559,-0.006559,DOAS->BRISA
EKGYO,AKFGY,0.0,0.006548,-0.006548,AKFGY->EKGYO
EREGL,TAVHL,0.006545,0.0,0.006545,EREGL->TAVHL
AYGAZ,ALARK,0.006543,0.0,0.006543,AYGAZ->ALARK
THYAO,AKBNK,0.006533,0.0,0.006533,THYAO->AKBNK
SKBNK,VAKBN,0.006528,0.0,0.006528,SKBNK->VAKBN
DGATE,ODAS,0.006521,0.0,0.006521,DGATE->ODAS
INDES,HEKTS,0.006517,0.0,0.006517,INDES->HEKTS
PGSUS,ENJSA,0.0,0.006493,-0.006493,ENJSA->PGSUS
ISGYO,ALARK,0.006459,0.0,0.006459,ISGYO->ALARK
ULKER,TKNSA,0.0,0.00641,-0.00641,TKNSA->ULKER
AYGAZ,ENKAI,0.006406,0.0,0.006406,AYGAZ->ENKAI
FROTO,DOHOL,0.006383,0.0,0.006383,FROTO->DOHOL
TKFEN,AKSEN,0.0,0.00634,-0.00634,AKSEN->TKFEN
AEFES,EKGYO,0.00633,0.0,0.00633,AEFES->EKGYO
VAKBN,ARCLK,0.0,0.006325,-0.006325,ARCLK->VAKBN
THYAO,GARAN,0.006324,0.0,0.006324,THYAO->GARAN
DGATE,BUCIM,0.006318,0.0,0.006318,DGATE->BUCIM
SAHOL,CEMTS,0.006275,0.0,0.006275,SAHOL->CEMTS
TKFEN,VESTL,0.0,0.006247,-0.006247,VESTL->TKFEN
TKFEN,PAPIL,0.006224,0.0,0.006224,TKFEN->PAPIL
ISGYO,DOAS,0.0,0.006206,-0.006206,DOAS->ISGYO
AKSEN,GARAN,0.006176,0.0,0.006176,AKSEN->GARAN
THYAO,CIMSA,0.006176,0.0,0.006176,THYAO->CIMSA
SISE,SOKM,0.0,0.006156,-0.006156,SOKM->SISE
BIMAS,PETKM,0.006114,0.0,0.006114,BIMAS->PETKM
AEFES,TAVHL,0.006105,0.0,0.006105,AEFES->TAVHL
PAPIL,HALKB,0.0,0.005974,-0.005974,HALKB->PAPIL
TOASO,CEMTS,0.005964,0.0,0.005964,TOASO->CEMTS
ISGYO,ECILC,0.0,0.005893,-0.005893,ECILC->ISGYO
AGHOL,TTRAK,0.007522,0.012953,-0.005431,TTRAK->AGHOL
AGHOL,THYAO,0.012673,0.008027,0.004646,AGHOL->THYAO
TKFEN,ULKER,0.013869,0.009484,0.004385,TKFEN->ULKER
MGROS,BRYAT,0.007312,0.010832,-0.00352,BRYAT->MGROS
YKBNK,ANHYT,0.006697,0.009822,-0.003125,ANHYT->YKBNK
SISE,MGROS,0.00928,0.006295,0.002985,SISE->MGROS
THYAO,ANHYT,0.009581,0.006793,0.002787,THYAO->ANHYT
ODAS,BRYAT,0.009481,0.006901,0.00258,ODAS->BRYAT
ISCTR,AKFGY,0.00693,0.009465,-0.002535,AKFGY->ISCTR
TKFEN,TTKOM,0.007962,0.010469,-0.002506,TTKOM->TKFEN
OYAKC,HALKB,0.008992,0.006671,0.002321,OYAKC->HALKB
AKSA,AYGAZ,0.009254,0.007236,0.002018,AKSA->AYGAZ
MPARK,THYAO,0.007765,0.009768,-0.002003,THYAO->MPARK
PETKM,ASUZU,0.007261,0.009089,-0.001828,ASUZU->PETKM
TURSG,SISE,0.006536,0.008347,-0.001811,SISE->TURSG
BRISA,ASELS,0.006726,0.008498,-0.001771,ASELS->BRISA
PETKM,CIMSA,0.009074,0.007389,0.001685,PETKM->CIMSA
AYGAZ,HEKTS,0.010082,0.008438,0.001644,AYGAZ->HEKTS
AGHOL,AKSEN,0.007746,0.006271,0.001474,AGHOL->AKSEN
TCELL,HEKTS,0.008716,0.010171,-0.001456,HEKTS->TCELL
SASA,ASUZU,0.007402,0.006037,0.001365,SASA->ASUZU
MGROS,AKBNK,0.00884,0.007596,0.001244,MGROS->AKBNK
TKNSA,BRSAN,0.007399,0.008582,-0.001183,BRSAN->TKNSA
INDES,AKFGY,0.008275,0.007153,0.001122,INDES->AKFGY
AGESA,EKGYO,0.007603,0.008703,-0.0011,EKGYO->AGESA
AGHOL,CIMSA,0.008185,0.00717,0.001016,AGHOL->CIMSA
SKBNK,ISCTR,0.007144,0.008153,-0.001009,ISCTR->SKBNK
AKSA,YKBNK,0.00816,0.007172,0.000988,AKSA->YKBNK
SASA,TKNSA,0.00655,0.007506,-0.000957,TKNSA->SASA
ZOREN,ULKER,0.007789,0.008728,-0.000939,ULKER->ZOREN
ODAS,DOAS,0.007011,0.007833,-0.000822,DOAS->ODAS
TURSG,KRDMD,0.007155,0.007977,-0.000822,KRDMD->TURSG
TCELL,TTKOM,0.007413,0.008168,-0.000755,TTKOM->TCELL
FROTO,AYGAZ,0.007356,0.006649,0.000707,FROTO->AYGAZ
ECILC,ASELS,0.007937,0.008596,-0.000658,ASELS->ECILC
BUCIM,ENJSA,0.008676,0.008022,0.000655,BUCIM->ENJSA
TCELL,EGEEN,0.007205,0.007771,-0.000567,EGEEN->TCELL
TKNSA,ALARK,0.009313,0.008903,0.00041,TKNSA->ALARK
SASA,EGEEN,0.007811,0.00753,0.000281,SASA->EGEEN
DOAS,OTKAR,0.008286,0.008013,0.000273,DOAS->OTKAR
SASA,ENJSA,0.007882,0.008062,-0.00018,ENJSA->SASA
YKBNK,SOKM,0.007625,0.007466,0.000158,YKBNK->SOKM
TOASO,ASUZU,0.006844,0.006943,-9.9e-05,ASUZU->TOASO
BERA,HEKTS,0.008588,0.008495,9.4e-05,BERA->HEKTS
SAHOL,ANHYT,0.007821,0.007798,2.3e-05,SAHOL->ANHYT
